Fund Name,Investor ID,Investor Name,Transaction Date,Unit Change,Unit Price,Transaction Type
NO DATA AVAILABLE,1,James Wilson,NO DATA AVAILABLE,NO DATA AVAILABLE,NO DATA AVAILABLE,NO DATA AVAILABLE
NO DATA AVAILABLE,2,Sarah Mitchell-brown,NO DATA AVAILABLE,NO DATA AVAILABLE,NO DATA AVAILABLE,NO DATA AVAILABLE
NO DATA AVAILABLE,3,Michael Chen,NO DATA AVAILABLE,NO DATA AVAILABLE,NO DATA AVAILABLE,NO DATA AVAILABLE
NO DATA AVAILABLE,4,Emma Whyte,NO DATA AVAILABLE,NO DATA AVAILABLE,NO DATA AVAILABLE,NO DATA AVAILABLE
NO DATA AVAILABLE,5,David Brown,NO DATA AVAILABLE,NO DATA AVAILABLE,NO DATA AVAILABLE,NO DATA AVAILABLE
NO DATA AVAILABLE,6,Jennifer Li,NO DATA AVAILABLE,NO DATA AVAILABLE,NO DATA AVAILABLE,NO DATA AVAILABLE
NO DATA AVAILABLE,7,Thomas Green,NO DATA AVAILABLE,NO DATA AVAILABLE,NO DATA AVAILABLE,NO DATA AVAILABLE
NO DATA AVAILABLE,8,Richard Kng,NO DATA AVAILABLE,NO DATA AVAILABLE,NO DATA AVAILABLE,NO DATA AVAILABLE
NO DATA AVAILABLE,9,Sophia Anderson,NO DATA AVAILABLE,NO DATA AVAILABLE,NO DATA AVAILABLE,NO DATA AVAILABLE
NO DATA AVAILABLE,10,Dan Moore,NO DATA AVAILABLE,NO DATA AVAILABLE,NO DATA AVAILABLE,NO DATA AVAILABLE
NO DATA AVAILABLE,11,Oliver Wang,NO DATA AVAILABLE,NO DATA AVAILABLE,NO DATA AVAILABLE,NO DATA AVAILABLE
NO DATA AVAILABLE,12,Carlos Rodriguez,NO DATA AVAILABLE,NO DATA AVAILABLE,NO DATA AVAILABLE,NO DATA AVAILABLE
NO DATA AVAILABLE,13,Edward Sutherland,NO DATA AVAILABLE,NO DATA AVAILABLE,NO DATA AVAILABLE,NO DATA AVAILABLE
NO DATA AVAILABLE,14,Victoria Sutherland,NO DATA AVAILABLE,NO DATA AVAILABLE,NO DATA AVAILABLE,NO DATA AVAILABLE
NO DATA AVAILABLE,15,Alex Turner,NO DATA AVAILABLE,NO DATA AVAILABLE,NO DATA AVAILABLE,NO DATA AVAILABLE
NO DATA AVAILABLE,16,Mark Johnson,NO DATA AVAILABLE,NO DATA AVAILABLE,NO DATA AVAILABLE,NO DATA AVAILABLE
NO DATA AVAILABLE,17,Amanda Davis,NO DATA AVAILABLE,NO DATA AVAILABLE,NO DATA AVAILABLE,NO DATA AVAILABLE
NO DATA AVAILABLE,18,NOT AVAILABLE Chen,NO DATA AVAILABLE,NO DATA AVAILABLE,NO DATA AVAILABLE,NO DATA AVAILABLE
NO DATA AVAILABLE,19,Jessica NOT AVAILABLE,NO DATA AVAILABLE,NO DATA AVAILABLE,NO DATA AVAILABLE,NO DATA AVAILABLE
NO DATA AVAILABLE,20,Peter Harris,NO DATA AVAILABLE,NO DATA AVAILABLE,NO DATA AVAILABLE,NO DATA AVAILABLE
NO DATA AVAILABLE,21,Helen Wu,NO DATA AVAILABLE,NO DATA AVAILABLE,NO DATA AVAILABLE,NO DATA AVAILABLE
NO DATA AVAILABLE,22,Rachel Green,NO DATA AVAILABLE,NO DATA AVAILABLE,NO DATA AVAILABLE,NO DATA AVAILABLE
NO DATA AVAILABLE,23,William Gray,NO DATA AVAILABLE,NO DATA AVAILABLE,NO DATA AVAILABLE,NO DATA AVAILABLE
NO DATA AVAILABLE,24,Robert Black,NO DATA AVAILABLE,NO DATA AVAILABLE,NO DATA AVAILABLE,NO DATA AVAILABLE
NO DATA AVAILABLE,25,Maria Garcia,NO DATA AVAILABLE,NO DATA AVAILABLE,NO DATA AVAILABLE,NO DATA AVAILABLE
NO DATA AVAILABLE,26,Jamie Wilson,NO DATA AVAILABLE,NO DATA AVAILABLE,NO DATA AVAILABLE,NO DATA AVAILABLE
NO DATA AVAILABLE,27,Sarah King,NO DATA AVAILABLE,NO DATA AVAILABLE,NO DATA AVAILABLE,NO DATA AVAILABLE
NO DATA AVAILABLE,28,Catherine Brown,NO DATA AVAILABLE,NO DATA AVAILABLE,NO DATA AVAILABLE,NO DATA AVAILABLE
NO DATA AVAILABLE,29,Linda Taylor,NO DATA AVAILABLE,NO DATA AVAILABLE,NO DATA AVAILABLE,NO DATA AVAILABLE
